{"cameraMode":{"drawMode":0,"name":"Shaded","section":"Shading Mode"},"sceneLighting":false,"audioPlay":false,"sceneViewState":{"m_AlwaysRefresh":false,"showFog":true,"showSkybox":false,"showFlares":true,"showImageEffects":true,"showParticleSystems":true,"showVisualEffectGraphs":true,"m_FxEnabled":true},"in2DMode":false,"pivot":{"x":-0.8720957636833191,"y":-1.3711684942245484,"z":-4.953749179840088},"rotation":{"x":0.013789879158139229,"y":0.001797428005374968,"z":0.000025402525352546945,"w":-0.9999057650566101},"size":3.0455105304718019,"orthographic":true}