{"cameraMode":{"drawMode":0,"name":"Shaded","section":"Shading Mode"},"sceneLighting":true,"audioPlay":false,"sceneViewState":{"m_AlwaysRefresh":false,"showFog":true,"showSkybox":true,"showFlares":true,"showImageEffects":true,"showParticleSystems":true,"showVisualEffectGraphs":true,"m_FxEnabled":true},"in2DMode":false,"pivot":{"x":2.4214773178100588,"y":-0.9891951680183411,"z":-0.8783664703369141},"rotation":{"x":-0.02909834124147892,"y":-0.02219131402671337,"z":0.0006461304146796465,"w":-0.9993302226066589},"size":6.575143814086914,"orthographic":false}