{"cameraMode":{"drawMode":0,"name":"Shaded","section":"Shading Mode"},"sceneLighting":false,"audioPlay":false,"sceneViewState":{"m_AlwaysRefresh":false,"showFog":true,"showSkybox":false,"showFlares":true,"showImageEffects":true,"showParticleSystems":true,"showVisualEffectGraphs":true,"m_FxEnabled":true},"in2DMode":false,"pivot":{"x":1.0737464427947999,"y":1.2147947549819947,"z":-2.275233745574951},"rotation":{"x":-0.0314483642578125,"y":0.05424264445900917,"z":0.0017092005582526327,"w":0.9980313777923584},"size":2.7173240184783937,"orthographic":true}